{
  "appenders": [
    {
      "type": "file",
      "filename": "client.log",
      "maxLogSize": 104857600,
      "backups": 5,
      "category": "client",
      "compress": true,
      "encoding": "utf-8",
      "layout": {
        "type": "pattern",
        "pattern": "[%d{yyyy-MM-dd hh:mm:ss,SSS}] [%p] [%c] - %m"
      }
    },
    {
      "type": "file",
      "filename": "access.log",
      "maxLogSize": 104857600,
      "backups": 5,
      "category": "http",
      "layout": {
        "type": "pattern",
        "pattern": "[%d{yyyy-MM-dd hh:mm:ss,SSS}] [%p] [%c] - %m"
      }
    },
    {
      "type": "file",
      "filename": "app.log",
      "maxLogSize": 104857600,
      "backups": 5,
      "category": ["server", "security", "oauth-utils", "rbac", "dynatrace"],
      "layout": {
        "type": "pattern",
        "pattern": "[%d{yyyy-MM-dd hh:mm:ss,SSS}] [%p] [%c] - %m"
      }
    },
    {
      "type": "logLevelFilter",
      "level": "ERROR",
      "appender": {
        "type": "file",
        "filename": "errors.log",
        "maxLogSize": 104857600,
        "backups": 2,
        "layout": {
          "type": "pattern",
          "pattern": "[%d{yyyy-MM-dd hh:mm:ss,SSS}] [%p] [%c] - %m"
        }
      }
    }
  ],
  "levels": {
    "http": "INFO",
    "server": "INFO",
    "security": "INFO",
    "oauth-utils": "INFO",
    "rbac": "INFO",
    "dynatrace": "INFO"
  }
}