{
    "totalNumRecords": 10,
    "recentSearches": [
        {
            "id":1,
            "keyword": "ABC Company 401K Plan"
        },
        {
            "id":2,
            "keyword": "XYZ Company 401K Plan"
        },
        {
            "id":3,
            "keyword": "AXD Client Coordinator"
        },
        {
            "id":4,
            "keyword": "Tom Sower 401K Plan"
        },
        {
            "id":5,
            "keyword": "ABC Company 401K Plan"
        },
        {
            "id":6,
            "keyword": "Tom Sower 401K Plan"
        },
        {
            "id":7,
            "keyword": "AXD Client Coordinator"
        },
        {
            "id":8,
            "keyword": "ABC Company 401K Plan"
        },
        {
            "id":9,
            "keyword": "EFG Client Coordinator"
        },
        {
            "id":10,
            "keyword": "IRK102544 Architectural Design Inc"
        }
    ]
}