{
    "totalNumRecords": 6,
    "searchResults": [
        {
            "id":1,
            "planId":"IRK102544",
            "planName":"Richard Oliver MD 401",
            "planStatus":"Closed",
            "dealerName":"Securities Serivce Network Inc.",
            "tpaName":"TPA Free Payment"
        },
        {
            "id":2,
            "planId":"IRK102544",
            "planName":"Richard Oliver MD 401",
            "planStatus":"Not Accepted",
            "dealerName":"Securities Serivce Network Inc.",
            "tpaName":"TPA Free Payment"
        },
        {
            "id":3,
            "planId":"IRK102544",
            "planName":"Richard Oliver MD 401",
            "planStatus":"Pending Approval",
            "dealerName":"Securities Serivce Network Inc.",
            "tpaName":"TPA Free Payment"
        },
        {
            "id":4,
            "planId":"IRK102544",
            "planName":"Richard Oliver MD 401",
            "planStatus":"Closed",
            "dealerName":"Securities Serivce Network Inc.",
            "tpaName":"TPA Free Payment"
        },
        {
            "id":5,
            "planId":"IRK102544",
            "planName":"Richard Oliver MD 401",
            "planStatus":"Pending Approval",
            "dealerName":"Securities Serivce Network Inc.",
            "tpaName":"TPA Free Payment"
        },
        {
            "id":6,
            "planId":"IRK102544",
            "planName":"Richard Oliver MD 401",
            "planStatus":"Not Accepted",
            "dealerName":"Securities Serivce Network Inc.",
            "tpaName":"TPA Free Payment"
        }
    ]
}